<?xml version="1.0" encoding="UTF-8"?>

<mule xmlns:http="http://www.mulesoft.org/schema/mule/http" xmlns="http://www.mulesoft.org/schema/mule/core"
	xmlns:doc="http://www.mulesoft.org/schema/mule/documentation"
	xmlns:xsi="http://www.w3.org/2001/XMLSchema-instance" xsi:schemaLocation="http://www.mulesoft.org/schema/mule/core http://www.mulesoft.org/schema/mule/core/current/mule.xsd
http://www.mulesoft.org/schema/mule/http http://www.mulesoft.org/schema/mule/http/current/mule-http.xsd">
	<http:listener-config name="HTTP_Listener_config" doc:name="HTTP Listener config" doc:id="9c20f3ac-8e45-45ac-a78c-f0cb3355917d" basePath="/fruit" >
		<http:listener-connection host="0.0.0.0" port="8081" />
	</http:listener-config>
	<flow name="assesmentFlow" doc:id="ad3430af-4fc5-47fc-8940-ee672c49245b" >
		<http:listener doc:name="Listener" doc:id="eeae95fb-abc1-4244-8c0e-ddb0be97b3d8" config-ref="HTTP_Listener_config" path="/fruit" allowedMethods="GET"/>
		<logger level="INFO" doc:name="Logger" doc:id="64c6cf1c-d9b4-457c-bed4-350be53dff1e" message="#[payload]"/>
	</flow>
	<flow name="AppleFlow" doc:id="d3890615-4e4f-4fa4-9b08-e2fbe1a64cee" >
		<set-payload value="#['Applr']" doc:name="SetPayloadApple" doc:id="b412eccd-1617-49a8-8fc1-79ed9dab7fbd" />
	</flow>
	<flow name="BananaFlow" doc:id="ebd6cca4-642c-4021-9288-a9a05aee91c5" >
		<set-payload value="#['Banana']" doc:name="SetPayloadBanana" doc:id="fa9068f8-2fb9-4dfb-83f2-cf914fb40aa2" />
	</flow>
</mule>
